{
    "task_index": {
        "min": [
            0
        ],
        "max": [
            0
        ],
        "mean": [
            0.0
        ],
        "std": [
            0.0
        ],
        "count": [
            1492
        ],
        "q01": [
            3.9999999999994176e-16
        ],
        "q10": [
            3.999999999999417e-15
        ],
        "q50": [
            1.9999999999997088e-14
        ],
        "q90": [
            3.599999999999476e-14
        ],
        "q99": [
            3.9599999999994235e-14
        ]
    },
    "observation.images.top": {
        "min": [
            [
                [
                    0.0
                ]
            ],
            [
                [
                    0.0
                ]
            ],
            [
                [
                    0.0
                ]
            ]
        ],
        "max": [
            [
                [
                    1.0
                ]
            ],
            [
                [
                    0.9411764705882353
                ]
            ],
            [
                [
                    0.9490196078431372
                ]
            ]
        ],
        "mean": [
            [
                [
                    0.6021989026756536
                ]
            ],
            [
                [
                    0.4759719939746732
                ]
            ],
            [
                [
                    0.4607273340482026
                ]
            ]
        ],
        "std": [
            [
                [
                    0.005214306487260411
                ]
            ],
            [
                [
                    0.005594498011492772
                ]
            ],
            [
                [
                    0.008948539558281326
                ]
            ]
        ],
        "count": [
            400
        ],
        "q01": [
            [
                [
                    0.12848405497307494
                ]
            ],
            [
                [
                    0.12748393430939575
                ]
            ],
            [
                [
                    0.11861328107297167
                ]
            ]
        ],
        "q10": [
            [
                [
                    0.34906507081618715
                ]
            ],
            [
                [
                    0.3637092888990413
                ]
            ],
            [
                [
                    0.35297294871748003
                ]
            ]
        ],
        "q50": [
            [
                [
                    0.6588542969838141
                ]
            ],
            [
                [
                    0.4922528028495058
                ]
            ],
            [
                [
                    0.4715487816217956
                ]
            ]
        ],
        "q90": [
            [
                [
                    0.7392335445426061
                ]
            ],
            [
                [
                    0.5735200352239014
                ]
            ],
            [
                [
                    0.5657173767880257
                ]
            ]
        ],
        "q99": [
            [
                [
                    0.8117721965242224
                ]
            ],
            [
                [
                    0.6706195222137122
                ]
            ],
            [
                [
                    0.6745216843040877
                ]
            ]
        ]
    },
    "frame_index": {
        "min": [
            0
        ],
        "max": [
            373
        ],
        "mean": [
            186.00067024128685
        ],
        "std": [
            107.67659912697269
        ],
        "count": [
            1492
        ],
        "q01": [
            3.0303249167917095
        ],
        "q10": [
            36.98037356560352
        ],
        "q50": [
            185.79606863270766
        ],
        "q90": [
            335.0209669169702
        ],
        "q99": [
            368.97101556578195
        ]
    },
    "observation.images.front": {
        "min": [
            [
                [
                    0.023529411764705882
                ]
            ],
            [
                [
                    0.043137254901960784
                ]
            ],
            [
                [
                    0.10588235294117647
                ]
            ]
        ],
        "max": [
            [
                [
                    1.0
                ]
            ],
            [
                [
                    1.0
                ]
            ],
            [
                [
                    1.0
                ]
            ]
        ],
        "mean": [
            [
                [
                    0.6850484145220588
                ]
            ],
            [
                [
                    0.6964543852124183
                ]
            ],
            [
                [
                    0.6900001087622549
                ]
            ]
        ],
        "std": [
            [
                [
                    0.013139388047017982
                ]
            ],
            [
                [
                    0.011075525904943033
                ]
            ],
            [
                [
                    0.010796148011713752
                ]
            ]
        ],
        "count": [
            400
        ],
        "q01": [
            [
                [
                    0.2685918844975925
                ]
            ],
            [
                [
                    0.295011791403864
                ]
            ],
            [
                [
                    0.3578484816232638
                ]
            ]
        ],
        "q10": [
            [
                [
                    0.4324660259953382
                ]
            ],
            [
                [
                    0.475545285166199
                ]
            ],
            [
                [
                    0.5146846509286883
                ]
            ]
        ],
        "q50": [
            [
                [
                    0.7245733164204466
                ]
            ],
            [
                [
                    0.7490391492646684
                ]
            ],
            [
                [
                    0.7196693268987737
                ]
            ]
        ],
        "q90": [
            [
                [
                    0.858838444497862
                ]
            ],
            [
                [
                    0.8323131668708892
                ]
            ],
            [
                [
                    0.8156969343069421
                ]
            ]
        ],
        "q99": [
            [
                [
                    0.9999393515883132
                ]
            ],
            [
                [
                    0.9470657344549411
                ]
            ],
            [
                [
                    0.9323515311449639
                ]
            ]
        ]
    },
    "action": {
        "min": [
            -35.22205352783203,
            -99.10057067871094,
            3.2897701263427734,
            30.825138092041016,
            -76.06927490234375,
            0.1609010398387909
        ],
        "max": [
            0.5359877347946167,
            9.730172157287598,
            100.0,
            83.41171264648438,
            -43.321964263916016,
            39.58165740966797
        ],
        "mean": [
            -13.532224436547738,
            -46.540641365358084,
            61.31108294735006,
            57.84616225654254,
            -57.94532295462273,
            9.25769372791771
        ],